{"cameraMode":{"drawMode":0,"name":"Shaded","section":"Shading Mode"},"sceneLighting":true,"audioPlay":false,"sceneViewState":{"m_AlwaysRefresh":false,"showFog":true,"showSkybox":true,"showFlares":true,"showImageEffects":true,"showParticleSystems":true,"showVisualEffectGraphs":true,"m_FxEnabled":true},"in2DMode":false,"pivot":{"x":40.57688522338867,"y":41.015628814697269,"z":4.4776716232299809},"rotation":{"x":0.07786877453327179,"y":0.03648248314857483,"z":-0.0028513912111520769,"w":0.9962924718856812},"size":18.69447135925293,"orthographic":false}